2 clusters,3 clusters
26.09042070176268,26.017778581210035
20.53440246085845,20.36080258999661
31.391705861975503,29.61784991695616
23.680083597945156,22.137274023551544
31.28004003118733,30.95493567711265
23.909216206129212,24.219740152780034
24.879770006151556,24.70975281794099
20.64373643392654,19.78224049059782
16.151622140841955,15.562035592968908
37.24992036640719,36.10277784118887
